Image,Entropy(bits),Avg_Gradient,Width,Height
./new_dataset/cal_val/raw/1.jpg,6.6655,14.9220,1920,1080
./new_dataset/cal_val/raw/3.jpg,7.6227,42.3773,1920,1080
./new_dataset/cal_val/raw/5.jpg,7.6416,41.9979,1920,1080
./new_dataset/cal_val/raw/7.jpg,6.6619,14.2238,1920,1080
./new_dataset/cal_val/raw/9.jpg,7.6246,41.7770,1920,1080
./new_dataset/cal_val/raw/12.jpg,7.6168,40.8091,1920,1080
./new_dataset/cal_val/raw/14.jpg,7.5845,40.2109,1920,1080
./new_dataset/cal_val/raw/16.jpg,7.5747,36.9466,1920,1080
./new_dataset/cal_val/raw/18.jpg,7.5974,40.2897,1920,1080
./new_dataset/cal_val/raw/20.jpg,7.4865,36.3936,1920,1080
./new_dataset/cal_val/raw/23.jpg,7.5830,41.1571,1920,1080
./new_dataset/cal_val/raw/25.jpg,7.5647,40.0115,1920,1080
./new_dataset/cal_val/raw/27.jpg,7.5645,39.9487,1920,1080
./new_dataset/cal_val/raw/29.jpg,7.6137,41.3315,1920,1080
./new_dataset/cal_val/raw/31.jpg,7.5734,42.2365,1920,1080
./new_dataset/cal_val/raw/36.jpg,7.6231,42.3817,1920,1080
./new_dataset/cal_val/raw/38.jpg,6.9381,12.9209,1920,1080
./new_dataset/cal_val/raw/40.jpg,7.5489,39.8306,1920,1080
./new_dataset/cal_val/raw/42.jpg,7.5553,40.2208,1920,1080
./new_dataset/cal_val/raw/45.jpg,7.4925,35.4227,1920,1080
./new_dataset/cal_val/raw/47.jpg,7.5572,40.1428,1920,1080
./new_dataset/cal_val/raw/49.jpg,7.6266,42.4953,1920,1080
./new_dataset/cal_val/raw/51.jpg,7.5897,41.7220,1920,1080
./new_dataset/cal_val/raw/53.jpg,6.9355,14.2742,1920,1080
./new_dataset/cal_val/raw/58.jpg,7.6271,42.5681,1920,1080
./new_dataset/cal_val/raw/60.jpg,7.5436,40.1200,1920,1080
./new_dataset/cal_val/raw/62.jpg,7.6133,42.6398,1920,1080
./new_dataset/cal_val/raw/64.jpg,7.5928,37.7172,1920,1080
./new_dataset/cal_val/raw/68.jpg,7.5841,41.1063,1920,1080
./new_dataset/cal_val/raw/70.jpg,7.5838,41.3570,1920,1080
./new_dataset/cal_val/raw/72.jpg,7.5688,39.1601,1920,1080
./new_dataset/cal_val/raw/74.jpg,7.5851,40.5549,1920,1080
./new_dataset/cal_val/raw/79.jpg,7.5697,39.1779,1920,1080
./new_dataset/cal_val/raw/81.jpg,7.5836,41.4298,1920,1080
./new_dataset/cal_val/raw/82.jpg,6.9327,14.2694,1920,1080
./new_dataset/cal_val/raw/83.jpg,7.4829,38.5515,1920,1080
./new_dataset/cal_val/raw/85.jpg,7.5885,38.6656,1920,1080
./new_dataset/cal_val/raw/90.jpg,7.5958,38.7197,1920,1080
./new_dataset/cal_val/raw/92.jpg,7.5856,42.1080,1920,1080
./new_dataset/cal_val/raw/94.jpg,7.5302,37.6931,1920,1080
./new_dataset/cal_val/raw/96.jpg,6.9362,14.3385,1920,1080
./new_dataset/cal_val/raw/101.jpg,7.6106,38.6833,1920,1080
./new_dataset/cal_val/raw/103.jpg,7.5911,41.1882,1920,1080
./new_dataset/cal_val/raw/105.jpg,7.5840,41.5652,1920,1080
./new_dataset/cal_val/raw/107.jpg,7.5875,38.6484,1920,1080
./new_dataset/cal_val/raw/112.jpg,7.6168,39.1371,1920,1080
./new_dataset/cal_val/raw/114.jpg,7.6030,39.8895,1920,1080
./new_dataset/cal_val/raw/118.jpg,7.5992,41.7383,1920,1080
./new_dataset/cal_val/raw/128.jpg,7.5978,41.8634,1920,1080
./new_dataset/cal_val/raw/130.jpg,7.6000,40.6107,1920,1080
./new_dataset/cal_val/raw/152.jpg,6.9743,13.9808,1920,1080
./new_dataset/cal_val/raw/158.jpg,7.5893,38.4239,1920,1080
./new_dataset/cal_val/raw/184.jpg,6.9836,13.7182,1920,1080
./new_dataset/cal_val/raw/827.jpg,7.5879,42.7668,1920,1080
./new_dataset/cal_val/raw/937.jpg,6.8621,13.1405,1920,1080
./new_dataset/cal_val/raw/965.jpg,7.6274,42.3114,1920,1080
./new_dataset/cal_val/raw/967.jpg,6.9122,13.2738,1920,1080
./new_dataset/cal_val/raw/969.jpg,7.6127,40.6471,1920,1080
./new_dataset/cal_val/raw/971.jpg,7.5684,42.0657,1920,1080
./new_dataset/cal_val/raw/974.jpg,6.8192,8.7497,1920,1080
./new_dataset/cal_val/raw/978.jpg,7.6092,38.4061,1920,1080
./new_dataset/cal_val/raw/980.jpg,7.5761,39.4765,1920,1080
./new_dataset/cal_val/raw/982.jpg,7.5902,42.3752,1920,1080
./new_dataset/cal_val/raw/987.jpg,7.6293,42.3716,1920,1080
./new_dataset/cal_val/raw/989.jpg,7.5690,38.7005,1920,1080
./new_dataset/cal_val/raw/991.jpg,7.6247,42.3617,1920,1080
./new_dataset/cal_val/raw/998.jpg,7.4929,38.4369,1920,1080
./new_dataset/cal_val/raw/1000.jpg,7.6060,42.0678,1920,1080
./new_dataset/cal_val/raw/1002.jpg,7.6253,42.3002,1920,1080
./new_dataset/cal_val/raw/1004.jpg,7.6269,42.4099,1920,1080
./new_dataset/cal_val/raw/1009.jpg,7.6180,42.3194,1920,1080
./new_dataset/cal_val/raw/1011.jpg,7.4298,32.3129,1920,1080
./new_dataset/cal_val/raw/1013.jpg,6.9145,13.3023,1920,1080
./new_dataset/cal_val/raw/1015.jpg,7.6187,42.4165,1920,1080
./new_dataset/cal_val/raw/1019.jpg,6.9198,12.3358,1920,1080
./new_dataset/cal_val/raw/1023.jpg,7.6087,41.2178,1920,1080
./new_dataset/cal_val/raw/1025.jpg,6.6860,11.3217,1920,1080
./new_dataset/cal_val/raw/1027.jpg,7.5327,36.5467,1920,1080
./new_dataset/cal_val/raw/1030.jpg,7.5864,42.0076,1920,1080
./new_dataset/cal_val/raw/1032.jpg,7.6305,42.3399,1920,1080
./new_dataset/cal_val/raw/1034.jpg,7.6193,42.4550,1920,1080
./new_dataset/cal_val/raw/1036.jpg,7.5814,41.1821,1920,1080
./new_dataset/cal_val/raw/1038.jpg,7.6304,42.4098,1920,1080
./new_dataset/cal_val/raw/1041.jpg,7.5997,41.0660,1920,1080
./new_dataset/cal_val/raw/1045.jpg,7.5835,41.4897,1920,1080
./new_dataset/cal_val/raw/1047.jpg,7.5544,36.4715,1920,1080
./new_dataset/cal_val/raw/1049.jpg,7.5008,37.8778,1920,1080
./new_dataset/cal_val/raw/1052.jpg,7.5795,41.3881,1920,1080
./new_dataset/cal_val/raw/1054.jpg,7.6018,40.7650,1920,1080
./new_dataset/cal_val/raw/1056.jpg,7.6222,40.8975,1920,1080
./new_dataset/cal_val/raw/1058.jpg,7.5884,41.7209,1920,1080
./new_dataset/cal_val/raw/1060.jpg,7.6280,42.1372,1920,1080
./new_dataset/cal_val/raw/1063.jpg,7.6085,38.9314,1920,1080
./new_dataset/cal_val/raw/1065.jpg,7.5591,39.2096,1920,1080
./new_dataset/cal_val/raw/1067.jpg,7.6174,42.2882,1920,1080
./new_dataset/cal_val/raw/1069.jpg,7.5993,41.0836,1920,1080
./new_dataset/cal_val/raw/1074.jpg,6.9035,13.1893,1920,1080
./new_dataset/cal_val/raw/1076.jpg,7.6281,42.1318,1920,1080
./new_dataset/cal_val/raw/1078.jpg,7.5797,39.9749,1920,1080
./new_dataset/cal_val/raw/1080.jpg,7.4789,37.1745,1920,1080
./new_dataset/cal_val/raw/1082.jpg,7.5826,41.1531,1920,1080
